ACCT 351001Intermediate Financial Acct 129-Apr14:00ACCT 352001Intermediate Financial Acct 223-Apr14:00ACCT 352002Intermediate Financial Acct 223-Apr14:00ACCT 354001Financial Statement Analysis27-Apr14:00ACCT 354051Financial Statement Analysis27-Apr14:00ACCT 361001Management Accounting21-Apr9:00ACCT 362001Cost Accounting27-Apr18:30ACCT 362003Cost Accounting27-Apr18:30ACCT 385001Principles of Taxation22-Apr14:00ACCT 385002Principles of Taxation22-Apr14:00ACCT 453001Advanced Financial Accounting30-Apr9:00ACCT 463001Management Control21-Apr14:00ACCT 475001Principles of Auditing24-Apr9:00ACCT 475002Principles of Auditing24-Apr9:00ACCT 486001Business Taxation 217-Apr14:00AEBI 122001Cell Biology17-Apr9:00MACAEBI 211001Organisms 221-Apr9:00MACAEBI 212001Evolution and Phylogeny23-Apr14:00MACAECH 111001General Chemistry 220-Apr9:00MACAEHM 205001Science Literacy17-Apr14:00MACAEMA 102001Calculus 224-Apr14:00MACAEMA 305001Differential Equations27-Apr9:00MACAEMA 310001Statistical Methods 129-Apr14:00MACAEPH 114001Introductory Physics 230-Apr14:00MACAEPH 115001Physics 230-Apr14:00MACAGEC 201001Principles of Macroeconomics28-Apr14:00MACAGEC 231001Econ Systems of Agriculture17-Apr9:00MACAGEC 442001Econ of Int'l Agric Dvlpmnt21-Apr23:30MAC HOMEAGEC 450001Agribusiness Management30-Apr9:00MACAGEC 642001Econ of Agr Development21-Apr23:30MAC HOMEAGRI 330001Agricultural Legislation23-Apr23:30MAC HOMEAGRI 340001Princ of Ecological Agricult28-Apr14:00MACAGRI 411001Global Issues on Dev, Food&Agr30-Apr14:00MACANAT 212001Molec Mechanisms of Cell Funct27-Apr14:00ANAT 262001Intro Molecular &Cell Biol17-Apr14:00


ANAT 314001Human Musculoskeletal Anatomy22-Apr14:00LABANAT 316001Clinical Human Visceral Anat30-Apr18:30ANAT 316001Clinical Human Visceral Anat27-Apr14:00LABANAT 322001Neuroendocrinology22-Apr18:30ANAT 416001Dev., Disease and Regeneration23-Apr18:30ANAT 458001Membranes & Cellular Signaling30-Apr9:00ANAT 542001Transmission EM20-Apr9:00DEPTANSC 234001Biochemistry 227-Apr14:00MACANSC 251001Comparative Anatomy29-Apr14:00MAC LABANSC 301001Principles of Animal Breeding21-Apr9:00MACANSC 350001Food-Borne Pathogens22-Apr14:00MACANSC 400001Eukaryotic Cells and Viruses30-Apr9:00MACANSC 424001Metabolic Endocrinology24-Apr14:00MACANSC 451001Dairy and Beef Prod Management20-Apr14:00MACANSC 560001Biology of Lactation17-Apr14:00MACANSC 600001Adv Eukaryotic Cells & Viruses30-Apr9:00MACANTH 204001Anthropology of Meaning21-Apr14:00ANTH 207001Ethnography Through Film24-Apr9:00HOMEANTH 209001Anthropology of Religion22-Apr9:00ANTH 212001Anthropology of Development29-Apr18:30ANTH 302001New Horizons in Medical Anth.17-Apr9:00HOMEANTH 330001Traditional Whaling Societies22-Apr18:30ANTH 355001Theories of Culture & Society17-Apr9:00HOMEANTH 359001Hist of Archaeological Theory23-Apr14:00HOMEANTH 381001Special Topic 220-Apr9:00HOMEARCH 202001Arch Graphics&Elements of Des17-Apr9:00All Day OralARCH 202003Arch Graphics&Elements of Des17-Apr9:00All Day OralARCH 251001Architectural History 222-Apr14:00DEPTARCH 251004Architectural History 222-Apr14:00DEPTARCH 304001Design and Construction 220-Apr9:00All Day OralARCH 304002Design and Construction 220-Apr9:00All Day OralARCH 355001Architectural History 428-Apr18:30DEPTARCH 355002Architectural History 428-Apr18:30DEPTARCH 406001Design and Construction 427/28-Apr9:00All Day OralARCH 406002Design and Construction 427/28-Apr9:00All Day Oral


ARCH 406003Design and Construction 427/28-Apr9:00All Day OralARCH 406007Design and Construction 427/28-Apr9:00All Day OralARCH 451001Building Regulations and Safety20-Apr14:00HOMEARCH 451002Building Regulations and Safety20-Apr14:00HOMEARCH 673001Architectural Design 222-Apr9:00All Day OralARCH 673003Architectural Design 222/23-Apr9:00All Day OralARCH 673005Architectural Design 227/28-Apr9:00All Day OralARCH 674001Professional Practice24-Apr14:00HOMEARTH 207001Intro Early Mod. Art 1400-170020-Apr18:30HOMEARTH 325001Vis Culture Renaissance Venice22-Apr14:00DEPTARTH 354001Selected Topics Art History 228-Apr14:00DEPTATOC 100001Extr-Weath&Climate-Chg Physics27-Apr9:00DEPTATOC 181001Intro to Atmospheric Science20-Apr18:30ATOC 182001Intro to Oceanic Sciences21-Apr18:30ATOC 184001Science of Storms29-Apr9:00ATOC 215001Oceans, Weather and Climate24-Apr9:00ATOC 219001Intro to Atmospheric Chemistry21-Apr18:30ATOC 357001Atmospheric & Oceanic Sci Lab23-Apr9:00DEPTATOC 513001Waves & Stability20-Apr18:30DEPTATOC 521001Cloud Physics30-Apr18:30DEPTBIEN 300001Thermodynamics in Bioengin20-Apr14:00DEPTBIEN 330001Tissue Eng & Regenerative Med21-Apr14:00DEPTBIEN 340001Transp. Phenom. in Biol. Sys 222-Apr14:00HOMEBIEN 360001Physical Chemistry in Bioengin28-Apr18:30BIOC 212001Molec Mechanisms of Cell Funct27-Apr14:00BIOC 220001Lab Meth in Biochem&Mol Biol 120-Apr9:00BIOC 312001Biochemistry of Macromolecules22-Apr9:00BIOC 404001Biophysical Methods in Biochem27-Apr18:30BIOC 458001Membranes & Cellular Signaling30-Apr9:00BIOC 470001Lipids&Lipoproteins in Disease22-Apr18:30BIOC 503001Immunochemistry17-Apr9:00DEPTBIOL 112001Cell and Molecular Biology22-Apr18:30BIOL 201001Cell Biology & Metabolism22-Apr14:00BIOL 202001Basic Genetics23-Apr14:00BIOL 205001Biology of Organisms29-Apr14:00


BIOL 303001Developmental Biology29-Apr18:30BIOL 305001Animal Diversity23-Apr18:30BIOL 307001Behavioural Ecology28-Apr18:30BIOL 310001Biodiversity and Ecosystems20-Apr9:00BIOL 313001Eukaryotic Cell Biology17-Apr9:00BIOL 319001Introduction to Biophysics24-Apr14:00BIOL 320001Evolution of Brain & Behaviour24-Apr14:00DEPTBIOL 352001Dinosaur Biology27-Apr18:30DEPTBIOL 418001Freshwater Invertebrate Ecol20-Apr14:00DEPTBIOL 441001Biological Oceanography27-Apr18:30DEPTBIOL 568001Topics on the Human Genome28-Apr18:30DEPTBREE 103001Linear Algebra21-Apr14:00MACBREE 217001Hydrology and Water Resources17-Apr14:00MACBREE 301001Biothermodynamics22-Apr14:00MACBREE 314001Agri-Food Buildings24-Apr9:00MACBREE 341001Mechanics of Materials20-Apr14:00MACBREE 415001Design of Mach.&Struct.Elems24-Apr9:00MACBREE 501001Simulation and Modelling30-Apr14:00MAC LABBREE 518001Ecological Engineering29-Apr14:00MACBUSA 364051Business Law 128-Apr18:30BUSA 391071International Business Law27-Apr14:00CANS 405001Canadian Studies Seminar 522-Apr18:30HOMECANS 406001Canadian Studies Seminar 627-Apr9:00CATH 340001Catholicism and Public Policy20-Apr14:00HOMECHEE 204001Chem Engineering Principles 220-Apr14:00CHEE 220001Chemical Engrg Thermodynamics28-Apr9:00CHEE 310001Physical Chemistry for Eng.21-Apr14:00CHEE 315001Heat and Mass Transfer24-Apr14:00CHEE 351001Separation Processes27-Apr18:30CHEE 440001Process Modelling24-Apr9:00CHEE 455001Process Control23-Apr9:00CHEE 456001Design Project 120-Apr9:00All Day OralCHEE 457001Design Project 221/22-Apr9:00All Day OralCHEE 521001Nanomat & the Aquatic Environ22-Apr9:00DEPTCHEE 563001Biofluids&Cardiovascular Mech.27-Apr14:00


CHEE 582001Polymer Science & Engineering30-Apr18:30CHEE 591001Environmental Bioremediation17-Apr9:00CHEM 120001General Chemistry 217-Apr14:00CHEM 120002General Chemistry 217-Apr14:00CHEM 180001World of Chem: Environment20-Apr14:00CHEM 181761World of Chem: Food17-Apr18:30See CSCHEM 204001Physical Chem./Biol.Sci. 127-Apr18:30CHEM 211001Organic Chemistry 1 Lectures29-Apr9:00CHEM 212001Intro Organic Chemistry 129-Apr9:00CHEM 214001Physical Chem./Biol. Sci. 221-Apr9:00CHEM 219001Intro to Atmospheric Chemistry21-Apr18:30CHEM 222001Intro Organic Chemistry 224-Apr9:00CHEM 233001Topics in Physical Chemistry28-Apr18:30CHEM 234001Topics in Organic Chemistry24-Apr9:00CHEM 273001Intro Phys Chem2:Kinetics&Meth30-Apr18:30DEPTCHEM 281001Inorganic Chemistry 127-Apr14:00CHEM 332001Biological Chemistry17-Apr14:00DEPTCHEM 334001Advanced Materials28-Apr9:00CHEM 355001Applications of Quantum Chem.22-Apr14:00CHEM 365001Statistical Thermodynamics30-Apr18:30CHEM 377001Instrumental Analysis 224-Apr14:00CHEM 482001Organic Chem:Natural Products29-Apr18:30DEPTCHEM 502001Advanced Bio-Organic Chemistry23-Apr14:00CHEM 533001Small Molecule Crystallography29-Apr18:30DEPTCHEM 577001Electrochemistry22-Apr14:00HOMECIVE 202001Construction Materials28-Apr14:00CIVE 205001Statics21-Apr9:00CIVE 206001Dynamics24-Apr9:00CIVE 207001Solid Mechanics30-Apr14:00CIVE 225001Environmental Engineering20-Apr14:00CIVE 284001Structural Engineering Basics27-Apr18:30CIVE 302001Probabilistic Systems17-Apr9:00CIVE 318001Structural Engineering 228-Apr18:30CIVE 319001Transportation Engineering22-Apr9:00CIVE 324001Sustainable Project Management30-Apr18:30


CIVE 327001Fluid Mechanics & Hydraulics23-Apr18:30CIVE 388001Foundations & Concrete Design29-Apr18:30CIVE 416001Geotechnical Engineering27-Apr14:00CIVE 421001Municipal Systems23-Apr14:00DEPTCIVE 451001Geoenvironmental Engineering24-Apr14:00DEPTCIVE 463001Design of Concrete Structures21-Apr9:00CIVE 512001Advanced Civil Engrg Materials22-Apr14:00CIVE 520001Groundwater Hydrology23-Apr14:00DEPTCIVE 540001Urban Transportation Planning24-Apr14:00CIVE 550001Water Resources Management20-Apr18:30DEPTCIVE 555001Environmental Data Analysis27-Apr9:00DEPTCLAS 212001Introductory Latin 224-Apr14:00DEPTCLAS 212002Introductory Latin 224-Apr14:00DEPTCLAS 212003Introductory Latin 224-Apr14:00DEPTCLAS 230D2001Introductory Modern Greek28-Apr14:00DEPTCLAS 240001Intro to Classical Archaeology20-Apr9:00CLAS 302001Roman Literature and Society20-Apr14:00HOMECLAS 312001Intermediate Latin 224-Apr14:00DEPTCLAS 322001Intermediate Ancient Greek 230-Apr18:30DEPTCLAS 332001Intermediate Modern Greek 222-Apr9:00DEPTCLAS 422001Advanced Ancient Greek: Themes28-Apr14:00DEPTCLAS 622001Topics in Ancient Greek Lit28-Apr14:00DEPTCOMP 189001Computers and Society20-Apr18:30DEPTCOMP 202001Foundations of Programming23-Apr18:30COMP 202002Foundations of Programming23-Apr18:30COMP 204001Comp. Programming for Life Sci29-Apr14:00COMP 206001Intro to Software Systems29-Apr14:00COMP 206002Intro to Software Systems29-Apr14:00COMP 208001Computer Programming for PS&E17-Apr9:00COMP 208002Computer Programming for PS&E17-Apr9:00COMP 250001Intro to Computer Science23-Apr18:30COMP 250002Intro to Computer Science23-Apr18:30COMP 251001Algorithms and Data Structures20-Apr9:00COMP 252001Honours Algorithms&Data Struct30-Apr9:00DEPTCOMP 273001Intro to Computer Systems24-Apr14:00


COMP 273002Intro to Computer Systems24-Apr14:00COMP 302001Programming Lang & Paradigms22-Apr18:30COMP 303001Software Design27-Apr9:00COMP 307001Principles of Web Development22-Apr14:00COMP 310001Operating Systems20-Apr18:30COMP 360001Algorithm Design23-Apr18:30COMP 362001Honours Algorithm Design28-Apr18:30COMP 409001Concurrent Programming29-Apr14:00COMP 421001Database Systems17-Apr14:00COMP 424001Artificial Intelligence30-Apr14:00COMP 520001Compiler Design21-Apr14:00COMP 535001Computer Networks24-Apr14:00DEPTCOMP 546001Computational Perception22-Apr18:30COMP 547001Cryptography & Data Security29-Apr14:00COMP 559001Fund. Computer Animation22-Apr9:00COMS 200001History of Communication30-Apr14:00COMS 230001Communication and Democracy24-Apr18:30HOMECOMS 354001Media Studies of Crime28-Apr14:00DEPTCOMS 501001Special Topics in Com St 217-Apr9:00HOMEEAST 220D2001First Level Korean30-Apr9:00EAST 220D2002First Level Korean30-Apr9:00EAST 230D2001First Level Chinese30-Apr14:00EAST 230D2002First Level Chinese30-Apr14:00EAST 230D2003First Level Chinese30-Apr14:00EAST 240D2001First Level Japanese30-Apr18:30EAST 240D2002First Level Japanese30-Apr18:30EAST 240D2003First Level Japanese30-Apr18:30EAST 242001Japanese Writing Beginners 222-Apr14:00DEPTEAST 320D2001Second Level Korean22-Apr9:00EAST 330D2001Second Level Chinese28-Apr18:30DEPTEAST 330D2002Second Level Chinese28-Apr18:30DEPTEAST 340D2001Second Level Japanese22-Apr9:00EAST 340D2002Second Level Japanese22-Apr9:00EAST 342001Japanese Writing Intermed. 224-Apr14:00DEPTEAST 430D2001Third Level Chinese23-Apr18:30DEPT


EAST 440D2001Third Level Japanese20-Apr9:00DEPTEAST 540D2001Fourth Level Japanese28-Apr9:00DEPTECON 208001Microeconomic Analysis&Applic28-Apr18:30ECON 209001Macroeconomic Analysis&Applic23-Apr14:00ECON 209002Macroeconomic Analysis&Applic23-Apr14:00ECON 209003Macroeconomic Analysis&Applic23-Apr14:00ECON 219001Current Econ Problems:Topics30-Apr14:00ECON 227D2001Economic Statistics20-Apr18:30ECON 227D2002Economic Statistics20-Apr18:30ECON 227D2003Economic Statistics20-Apr18:30ECON 227D2005Economic Statistics20-Apr18:30ECON 230D2001Microeconomic Theory28-Apr9:00ECON 230D2002Microeconomic Theory28-Apr9:00ECON 250D2001Intro to Econ Theory: Honours29-Apr9:00ECON 257D2001Economic Statistics-Honours22-Apr18:30ECON 295001Macroeconomics Policy23-Apr9:00ECON 295002Macroeconomics Policy23-Apr9:00ECON 295003Macroeconomics Policy23-Apr9:00ECON 304001Financial Instruments & Inst.30-Apr9:00ECON 313001Economic Development 121-Apr9:00ECON 314001Economic Development 224-Apr14:00ECON 314002Economic Development 224-Apr14:00ECON 330D2001Macroeconomic Theory23-Apr9:00ECON 330D2002Macroeconomic Theory23-Apr9:00ECON 334001History of Economic Doctrines21-Apr18:30ECON 338001Intro Econometrics 217-Apr14:00ECON 348001Urban Economics20-Apr9:00ECON 352D2001Macroeconomics - Honours23-Apr9:00ECON 409001Public Sector Economics 217-Apr9:00ECON 416001Topics in Econ Development 221-Apr9:00ECON 424001International Payments24-Apr9:00ECON 447001Economics of Info&Uncertainty27-Apr9:00ECON 450001Adv Economic Theory 1-Honours24-Apr14:00ECON 454001Open Economy Macro - Honours27-Apr9:00ECON 469001Econometrics 2 - Honours29-Apr14:00


ECON 473001Income Distribution21-Apr14:00ECSE 200001Electric Circuits 117-Apr9:00ECSE 202001Intro to Software Development28-Apr9:00ECSE 205001Prob and Stats for Engineers29-Apr9:00ECSE 206001Intro to Signals and Systems30-Apr14:00ECSE 210001Electric Circuits 217-Apr9:00ECSE 222001Digital Logic28-Apr14:00ECSE 223001Model-Based Programming21-Apr9:00ECSE 251001Electric and Magnetic Fields21-Apr14:00ECSE 307001Linear Systems and Control30-Apr9:00ECSE 308001Intro to Commun Sys & Networks23-Apr14:00ECSE 309001Fund. of Comm Systems&Networks23-Apr14:00ECSE 310001Thermodynamics of Computing28-Apr18:30ECSE 316001Signals and Networks20-Apr9:00ECSE 321001Intro. to Software Engineering27-Apr14:00ECSE 324001Computer Organization24-Apr9:00ECSE 325001Digital Systems24-Apr14:00ECSE 331001Electronics22-Apr18:30ECSE 352001Electromagnetic Waves27-Apr18:30ECSE 354001Electromag Wave Propagation27-Apr18:30ECSE 361001Power Engineering21-Apr14:00ECSE 362001Fundamentals of Power Eng21-Apr14:00ECSE 405001Antennas27-Apr18:30DEPTECSE 415001Intro to Computer Vision27-Apr14:00ECSE 422001Fault Tolerant Computing17-Apr9:00ECSE 425001Computer Architecture20-Apr14:00ECSE 427001Operating Systems20-Apr18:30ECSE 433001Phys Basis of Trans Devices21-Apr14:00ECSE 443001Intro Numerical Methods in EE22-Apr14:00ECSE 461001Electric Machinery21-Apr9:00ECSE 470001Electromechanical Systems30-Apr18:30DEPTECSE 506001Stochastic Ctrl &Decision Thry27-Apr18:30DEPTECSE 506002Stochastic Ctrl &Decision Thry27-Apr18:30DEPTECSE 510001Filt. & Pred. for Stoch. Sys.30-Apr18:30DEPTECSE 510002Filt. & Pred. for Stoch. Sys.30-Apr18:30DEPT


ECSE 513001Robust Control Systems21-Apr9:00DEPTECSE 521001Digital Communications 130-Apr18:30DEPTECSE 521002Digital Communications 130-Apr18:30DEPTECSE 523001Speech Communications17-Apr9:00DEPTECSE 523002Speech Communications17-Apr9:00DEPTECSE 549001Expert Systems in Elec Design30-Apr18:30DEPTECSE 549002Expert Systems in Elec Design30-Apr18:30DEPTECSE 562001Low-Carbon Power Gen. Eng.28-Apr18:30DEPTECSE 562002Low-Carbon Power Gen. Eng.28-Apr18:30DEPTEDER 319001Teaching the Holocaust23-Apr9:00HOMEEDKP 206001Biomechanics of Human Movement28-Apr9:00EDKP 208001Biomechanics & Motor Learning22-Apr9:00EDKP 342001Phys. Ed Methods17-Apr9:00EDKP 405001Sport in Society22-Apr18:30EDKP 446001Physical Activity and Ageing30-Apr9:00EDKP 448001Exercise and Health Psychology24-Apr9:00EDKP 448002Exercise and Health Psychology24-Apr9:00EDKP 449001Exercise Pathophysiology 227-Apr18:30EDKP 485001Exercise Pathophysiology 121-Apr14:00EDPE 208001Personality&Social Development22-Apr14:00EDPE 208002Personality&Social Development22-Apr14:00EDPE 375720Introductory Statistics23-Apr18:30DEPTEDPE 377001Adolescence and Education23-Apr18:30EDPE 377002Adolescence and Education23-Apr18:30EDPE 575720Statistics for Practitioners30-Apr14:00DEPTENGL 201001Survey of English Lit 220-Apr14:00ENGL 203001Dept. Survey of English Lit. 223-Apr14:00ENGL 225001American Literature 128-Apr9:00ENGL 227001American Literature 327-Apr9:00ENGL 280001Intro to Film as Mass Medium29-Apr9:00ENGL 308001English Renaissance Drama 127-Apr14:00ENGL 315001Shakespeare22-Apr9:00ENGL 32400120th C American Prose17-Apr9:00HOMEENGL 328001Dvlpmnt of Canadian Poetry 129-Apr9:00DEPTENGL 331001Literature Romantic Period 122-Apr14:00HOME


ENGL 346001Materiality&Sociology of Text17-Apr9:00HOMEENGL 347001Great Writings of Europe 117-Apr14:00HOMEENGL 355001The Poetics of Performance17-Apr9:00HOMEENGL 357001Chaucer-Canterbury Tales23-Apr14:00HOMEENGL 381001A Film-Maker 124-Apr14:00ENGL 382001International Cinema 120-Apr9:00HOMEENGL 415001Studies in 20th C Lit 222-Apr18:30HOMEENTO 352001Biocontrol of Pest Insects29-Apr9:00MACENVB 305001Population & Community Ecology28-Apr9:00MACENVR 202001The Evolving Earth20-Apr18:30ENVR 202051The Evolving Earth29-Apr9:00MACENVR 203001Knowledge, Ethics&Environment22-Apr9:00EPSC 180001The Terrestrial Planets23-Apr18:30EPSC 181001Environmental Geology22-Apr14:00EPSC 201001Understanding Planet Earth24-Apr14:00EPSC 212001Introductory Petrology27-Apr18:30DEPTEPSC 423001Igneous Petrology17-Apr14:00DEPTEPSC 542001Chemical Oceanography20-Apr18:30DEPTEPSC 548001Processes of Igneous Petrology27-Apr14:00DEPTEPSC 549001Hydrogeology23-Apr14:00ESYS 104001The Earth System28-Apr9:00ESYS 200001Earth System Processes17-Apr14:00DEPTEXMD 401001Physiol&Biochem Endocrin Sys27-Apr14:00EXMD 503001Advanced Endocrinology 0221-Apr14:00EXMD 508001Adv Topics in Respiration20-Apr9:00DEPTFACC 100001Intro to the Eng. Profession27-Apr9:00FACC 100002Intro to the Eng. Profession27-Apr9:00FACC 300001Engineering Economy30-Apr9:00FACC 300002Engineering Economy30-Apr9:00FACC 400001Eng Professional Practice29-Apr9:00FACC 400002Eng Professional Practice29-Apr9:00FDSC 230001Organic Chemistry27-Apr9:00MACFDSC 233001Physical Chemistry30-Apr14:00MACFDSC 251001Food Chemistry 121-Apr9:00MACFDSC 315001Separation Tech in Food Anal 120-Apr9:00MAC


FDSC 334001Anal of Food Toxins&Toxicants23-Apr9:00MACFDSC 400001Food Packaging30-Apr9:00MACFDSC 516001Flavour Chemistry17-Apr9:00MACFDSC 525001Food Quality Assurance27-Apr14:00MACFDSC 536001Food Traceability29-Apr9:00MACFDSC 634001Food Toxins & Toxicants23-Apr9:00MACFDSC 652001Separation Tech in Food Anal 220-Apr9:00MACFINE 342001Corporate Finance20-Apr14:00FINE 342002Corporate Finance20-Apr14:00FINE 342003Corporate Finance20-Apr14:00FINE 434001Topics in Finance 117-Apr9:00FINE 434002Topics in Finance 117-Apr9:00FINE 434003Topics in Finance 117-Apr9:00FINE 434004Topics in Finance 117-Apr9:00FINE 434005Topics in Finance 117-Apr9:00FINE 441001Investment Management21-Apr14:00FINE 441002Investment Management21-Apr14:00FINE 441003Investment Management21-Apr14:00FINE 441004Investment Management21-Apr14:00FINE 442001Capital Markets & Institutions24-Apr14:00FINE 442002Capital Markets & Institutions24-Apr14:00FINE 443001Applied Corporate Finance20-Apr14:00FINE 443002Applied Corporate Finance20-Apr14:00FINE 443003Applied Corporate Finance20-Apr14:00FINE 446051Behavioural Finance23-Apr18:30FINE 447001Venture Capital & Ent Finance22-Apr18:30FINE 447002Venture Capital & Ent Finance22-Apr18:30FINE 448001Financial Derivatives29-Apr18:30FINE 448002Financial Derivatives29-Apr18:30FINE 451001Fixed Income Analysis23-Apr14:00FINE 451002Fixed Income Analysis23-Apr14:00FINE 451003Fixed Income Analysis23-Apr14:00FINE 482001International Finance 130-Apr18:30FINE 482002International Finance 130-Apr18:30FINE 620001Corporate Mergers17-Apr9:00DEPT


FINE 622001Modern Corporate Finance16-Apr14:00DEPTFINE 646071Investments and Portfolio Management15-Apr18:00DEPTFINE 691001Advanced Topics in Finance16-Apr9:00DEPTFMT4 008001Animal Genetics and Nutrition22-Apr14:00MACFMT4 009001Soil Fertility24-Apr9:00MACFMT4 011001Farm Accounting30-Apr9:00MACFMT4 012001Machinery Maintenance28-Apr9:00MACFMT4 016001Budgeting and Administration29-Apr9:00MACFMT4 017001Agricultural Systems27-Apr9:00MACFMT4 024001Farm Building Development23-Apr14:00MACFMT4 026001Human Resources28-Apr9:00MACFMT4 029001Dairy Performance Management30-Apr14:00MACFMT4 030001Swine and Poultry Management22-Apr14:00MACFMT4 034001Greenhouse Crop Production28-Apr9:00MACFMTP 098001Français agricole24-Apr9:00MACFREN 335001Théories littéraires 124-Apr14:00DEPTFREN 444001Questions de litt. moderne28-Apr18:30FREN 459001La litt du 18e siècle 223-Apr18:30DEPTFREN 482001La littérature du 19e siècle 217-Apr9:00HOMEFREN 485001Litt. française contemporaine30-Apr18:30FRSL 102001Beginners French 217-Apr9:00DEPTFRSL 102002Beginners French 217-Apr9:00DEPTFRSL 102003Beginners French 217-Apr11:00DEPTFRSL 102004Beginners French 217-Apr11:00DEPTFRSL 102005Beginners French 217-Apr13:00DEPTFRSL 102006Beginners French 217-Apr13:00DEPTFRSL 102007Beginners French 217-Apr15:00DEPTFRSL 102008Beginners French 217-Apr15:00DEPTGEOG 205001Global Chg:Past, Pres & Future27-Apr18:30GEOG 217001Cities in the Modern World29-Apr14:00GEOG 303001Health Geography22-Apr18:30GEOG 311001Economic Geography30-Apr9:00GEOG 322001Environmental Hydrology27-Apr18:30GEOG 325001New Master-Planned Cities20-Apr14:00DEPTGEOG 351001Quantitative Methods21-Apr14:00DEPT


GEOG 360001Analyzing Sustainability21-Apr18:30HOMEGEOG 384001Principles of Geospatial Web17-Apr9:00DEPTGEOG 407001Issues in Geography21-Apr18:30HOMEGEOG 420001Memory, Place, and Power30-Apr9:00GERM 200001German Lang Intens Beginners24-Apr14:00GERM 200002German Lang Intens Beginners24-Apr14:00GERM 202D2001German Language, Beginners27-Apr18:30GERM 202D2002German Language, Beginners27-Apr18:30GERM 202D2003German Language, Beginners27-Apr18:30GERM 202D2004German Language, Beginners27-Apr18:30GSFS 405001Social Justice and Activism23-Apr14:00HOMEHGEN 400001Genetics in Medicine20-Apr14:00HISP 210D2001Spanish Language:Beginners30-Apr9:00HISP 210D2002Spanish Language:Beginners30-Apr9:00HISP 210D2003Spanish Language:Beginners30-Apr9:00HISP 210D2004Spanish Language:Beginners30-Apr9:00HISP 210D2005Spanish Language:Beginners30-Apr9:00HISP 210D2006Spanish Language:Beginners30-Apr9:00HISP 218001Spanish Lang Intens-Elem30-Apr9:00HISP 218002Spanish Lang Intens-Elem30-Apr9:00HISP 219001Spanish Lang Intens-Intermed30-Apr9:00HISP 219002Spanish Lang Intens-Intermed30-Apr9:00HISP 220D2001Spanish Language:Intermediate30-Apr9:00HISP 220D2002Spanish Language:Intermediate30-Apr9:00HISP 220D2003Spanish Language:Intermediate30-Apr9:00HISP 220D2004Spanish Language:Intermediate30-Apr9:00HISP 220D2005Spanish Language:Intermediate30-Apr9:00HISP 226001Hispanic Civilization 221-Apr14:00HISP 244001Survey of Lat Amer Lit&Cult228-Apr14:00HISP 328001Lit of Ideas: Latin America29-Apr14:00HIST 203001Survey:Canada since 186721-Apr14:00HIST 203002Survey:Canada since 186721-Apr14:00HIST 213001World History, 600-200027-Apr14:00HOMEHIST 215001Modern Europe20-Apr14:00HIST 218001Modern East Asian History29-Apr18:30


HIST 221001United States since 186520-Apr9:00HIST 304001IR History 2: Cold War17-Apr14:00HOMEHIST 306001East Central Europe, 1944-200428-Apr9:00HIST 312001Hist of Consumption in Canada28-Apr18:30HIST 329001History of Yugoslavia24-Apr14:00HIST 330001Themes in Canadian History17-Apr14:00HOMEHIST 351001Themes in U.S. History s. 186524-Apr9:00HIST 360001Latin America since 182522-Apr14:00HOMEHIST 375001Rome: Republic to Empire21-Apr18:30HIST 382001History of South Africa27-Apr14:00HOMEHIST 383001Eighteenth-Century Britain23-Apr14:00HOMEHIST 388001The Second World War30-Apr14:00HIST 401001Topics:Medieval Culture&Soc24-Apr14:00HOMEHIST 417001British and Irish Nationalisms29-Apr14:00HIST 421001Topics in Early Modern Europe23-Apr14:00HOMEIGFS 611001Adv. Issues on Dev. Food&Agric30-Apr14:00MACINDG 202001Topics in Indigenous Studies 121-Apr14:00HOMEINDR 294001Intro to Labour-Mgmt Relations29-Apr18:30INSY 333001Systems Analysis & Modelling27-Apr14:00INSY 336001DataHandl&Coding for Analytics22-Apr14:00DEPTINSY 336002DataHandl&Coding for Analytics22-Apr14:00DEPTINSY 341001Developing Business Apps17-Apr14:00INSY 437001Managing Data & Databases21-Apr9:00INSY 446001DataMiningforBusinessAnalytics28-Apr9:00INSY 448001Text & Social Media Analytics17-Apr18:30HOMEINSY 652001Predictive Analytics15-Apr9:00DEPTINSY 653001Analytics for Digital Business Models15-Apr23:59HOMEINTD 200001Intro to Int'l Development22-Apr14:00HOMEINTD 354001Civil Society and Development22-Apr14:00HOMEINTG 202061Integrated Mgmt Essentials 223-Apr14:00ISLA 210001Muslim Societies28-Apr9:00DEPTISLA 330001Islamic Mysticism: Sufism20-Apr9:00HOMEISLA 360001Islam and Politics17-Apr14:00HOMEISLA 383001Central Questions-Islamic Law17-Apr18:30HOMEISLA 495001WI&MES Research Seminar27-Apr18:30HOME


ISLA 521D2001Introductory Arabic27-Apr18:30ISLA 521D2002Introductory Arabic27-Apr18:30ISLA 521D2003Introductory Arabic27-Apr18:30ISLA 522D2001Lower Intermediate Arabic30-Apr9:00ISLA 522D2002Lower Intermediate Arabic30-Apr9:00ISLA 523D2002Higher Intermediate Arabic27-Apr9:00DEPTISLA 532D2001Introductory Turkish30-Apr18:30DEPTISLA 533D2001Lower Intermediate Turkish30-Apr18:30DEPTISLA 534D2001Higher Intermediate Turkish29-Apr14:00DEPTISLA 541D2001Introductory Persian23-Apr14:00DEPTISLA 542D2001Lower Intermediate Persian29-Apr18:30DEPTISLA 544001Upper Intermediate Persian 227-Apr18:30DEPTISLA 581001Special Topics 120-Apr9:00DEPTITAL 205D2001Italian for Beginners21-Apr9:00ITAL 205D2002Italian for Beginners21-Apr9:00ITAL 205D2003Italian for Beginners21-Apr9:00ITAL 206001Beginners Italian Intensive30-Apr9:00ITAL 206002Beginners Italian Intensive30-Apr9:00ITAL 210D2001Italian for Adv. Beginners21-Apr14:00DEPTITAL 215D2001Intermediate Italian23-Apr18:30DEPTITAL 216001Intermediate Italian Intensive24-Apr14:00DEPTJWST 240001The Holocaust17-Apr9:00HOMELING 201001Introduction to Linguistics30-Apr9:00LING 215001Languages of the World27-Apr18:30HOMELING 330001Phonetics24-Apr9:00LING 350001Ling Aspects of Bilingualism27-Apr9:00LING 355001Language Acquisition 123-Apr14:00LING 371001Syntax 117-Apr14:00LING 451001Acquisition of Phonology24-Apr14:00DEPTLSCI 202001Molecular Cell Biology24-Apr9:00MACLSCI 211001Biochemistry 120-Apr14:00MACLSCI 230001Introductory Microbiology22-Apr9:00MACMATH 111001Math for Education Students24-Apr14:00MATH 122001Calculus for Management22-Apr9:00MATH 123001Linear Algebra and Probability20-Apr14:00


MATH 133001Linear Algebra and Geometry21-Apr9:00MATH 140001Calculus 120-Apr9:00MATH 141001Calculus 221-Apr18:30MATH 141002Calculus 221-Apr18:30MATH 141003Calculus 221-Apr18:30MATH 151001Calculus B21-Apr18:30MATH 203001Principles of Statistics 123-Apr9:00MATH 204001Principles of Statistics 220-Apr14:00MATH 222001Calculus 330-Apr14:00MATH 223001Linear Algebra21-Apr9:00MATH 236001Algebra 221-Apr9:00MATH 240001Discrete Structures22-Apr9:00MATH 240002Discrete Structures22-Apr9:00MATH 243001Analysis 222-Apr9:00MATH 247001Honours Applied Linear Algebra22-Apr14:00MATH 249001Honours Complex Variables20-Apr18:30MATH 251001Honours Algebra 217-Apr9:00MATH 255001Honours Analysis 228-Apr14:00MATH 262001Intermediate Calculus24-Apr14:00MATH 263001ODEs for Engineers22-Apr14:00MATH 263002ODEs for Engineers22-Apr14:00MATH 264001Adv Calculus for Engineers20-Apr9:00MATH 314001Advanced Calculus29-Apr18:30MATH 315001Ordinary Differential Eqns21-Apr18:30MATH 319001Intro to Partial Diff Equas17-Apr9:00MATH 323001Probability28-Apr14:00MATH 323002Probability28-Apr14:00MATH 324001Statistics27-Apr18:30MATH 325001Honours ODE's17-Apr14:00MATH 329001Theory of Interest24-Apr9:00MATH 340001Discrete Mathematics28-Apr9:00MATH 357001Honours Statistics21-Apr18:30MATH 358001Honours Advanced Calculus23-Apr18:30DEPTMATH 387001Honours Numerical Analysis29-Apr9:00MATH 430001Mathematical Finance30-Apr14:00DEPT

MATH 437001Mathematical Meth in Biology27-Apr14:00MATH 447001Intro. to Stochastic Processes30-Apr18:30MATH 455001Honours Analysis 427-Apr14:00MATH 457001Honours Algebra 423-Apr14:00MATH 458001Honours Differential Geometry22-Apr18:30DEPTMATH 523001Generalized Linear Models23-Apr14:00MATH 537001Honours Math Models in Biology27-Apr14:00MATH 545001Intro to Time Series Analysis20-Apr14:00MATH 550001Combinatorics27-Apr9:00HOMEMATH 557001Mathematical Statistics 217-Apr9:00DEPTMATH 560001Optimization28-Apr18:30MATH 565001Advanced Real Analysis 224-Apr9:00HOMEMATH 571001Higher Algebra 229-Apr18:30DEPTMATH 577001Geometry & Topology 217-Apr14:00DEPTMATH 589001Advanced Probability Theory 229-Apr18:30DEPTMECH 210001Mechanics 124-Apr9:00MECH 220001Mechanics 224-Apr9:00MECH 240001Thermodynamics 129-Apr18:30MECH 261001Measurement Laboratory28-Apr9:00MECH 262001Statistics and Measurement Lab28-Apr9:00MECH 309001Numerical Methods in Mech Eng30-Apr18:30MECH 314001Dynamics of Mechanisms27-Apr18:30MECH 315001Mechanics 321-Apr14:00MECH 321001Mechanics of Deformable Solids17-Apr9:00MECH 331001Fluid Mechanics 122-Apr9:00MECH 341001Thermodynamics 220-Apr9:00MECH 346001Heat Transfer22-Apr18:30MECH 360001Principles of Manufacturing27-Apr14:00MECH 383001Appl Electronics&Instrumentn28-Apr9:00MECH 412001System Dynamics and Control23-Apr14:00MECH 419001Advanced Mechanics of Systems21-Apr9:00DEPTMECH 430001Fluid Mechanics 224-Apr14:00MECH 500001Sel Topics in Mechanical Eng20-Apr9:00DEPTMECH 500002Sel Topics in Mechanical Eng20-Apr9:00DEPTMECH 513001Control Systems23-Apr14:00DEPT


MECH 513002Control Systems23-Apr14:00DEPTMECH 524001Compu Integrated Manufacturing17-Apr14:00DEPTMECH 524002Compu Integrated Manufacturing17-Apr14:00DEPTMECH 532001Aircraft Perform,Stablty&Cntl17-Apr9:00MECH 532002Aircraft Perform,Stablty&Cntl17-Apr9:00MECH 561001Biomech of Musculoskeletal Sys20-Apr14:00MECH 561002Biomech of Musculoskeletal Sys20-Apr14:00MECH 563001Biofluids&Cardiovascular Mech27-Apr14:00MGCR 211001Intro to Financial Accounting22-Apr14:00MGCR 211002Intro to Financial Accounting22-Apr14:00MGCR 211003Intro to Financial Accounting22-Apr14:00MGCR 222001Intro to Org Behaviour24-Apr9:00MGCR 222002Intro to Org Behaviour24-Apr9:00MGCR 222003Intro to Org Behaviour24-Apr9:00MGCR 222004Intro to Org Behaviour24-Apr9:00MGCR 222005Intro to Org Behaviour24-Apr9:00MGCR 222006Intro to Org Behaviour24-Apr9:00MGCR 271001Business Statistics29-Apr18:30MGCR 271002Business Statistics29-Apr18:30MGCR 293001Managerial Economics30-Apr18:30MGCR 293002Managerial Economics30-Apr18:30MGCR 331001Information Systems27-Apr9:00MGCR 331002Information Systems27-Apr9:00MGCR 331003Information Systems27-Apr9:00MGCR 331004Information Systems27-Apr9:00MGCR 341001Introduction to Finance21-Apr14:00MGCR 341002Introduction to Finance21-Apr14:00MGCR 341003Introduction to Finance21-Apr14:00MGCR 352001Principles of Marketing17-Apr14:00MGCR 352002Principles of Marketing17-Apr14:00MGCR 352003Principles of Marketing17-Apr14:00MGCR 352004Principles of Marketing17-Apr14:00MGCR 352005Principles of Marketing17-Apr14:00MGCR 352006Principles of Marketing17-Apr14:00MGCR 352007Principles of Marketing17-Apr14:00


MGCR 382001International Business20-Apr9:00MGCR 382002International Business20-Apr9:00MGCR 423001Strategic Management28-Apr14:00MGCR 423002Strategic Management28-Apr14:00MGCR 423003Strategic Management28-Apr14:00MGCR 423004Strategic Management28-Apr14:00MGCR 472001Operations Management29-Apr9:00MGCR 472002Operations Management29-Apr9:00MGCR 472003Operations Management29-Apr9:00MGCR 472004Operations Management29-Apr9:00MGCR 472005Operations Management29-Apr9:00MGCR 472006Operations Management29-Apr9:00MGPO 469001Managing Globalization29-Apr14:00MGPO 469002Managing Globalization29-Apr14:00MGSC 372001Advanced Business Statistics28-Apr9:00MGSC 372002Advanced Business Statistics28-Apr9:00MICR 331001Microbial Ecology27-Apr14:00MACMIME 209001Mathematical Applications23-Apr14:00MIME 212001Engineering Thermodynamics30-Apr18:30MIME 260001Materials Science&Engineering17-Apr14:00MIME 262001Prop.Materials in Elec. Eng.20-Apr14:00MIME 311001Modelling&Automatic Control27-Apr14:00MIME 322001Rock Fragmentation27-Apr18:30MIME 323001Rock and Soil Mass Character29-Apr14:00MIME 325001Mineral Industry Economics21-Apr14:00MIME 333001Materials Handling28-Apr9:00MIME 341001Intro to Mineral Processing24-Apr14:00MIME 442001Anal,Mod&Opt in Min Processing24-Apr14:00DEPTMIME 452001Process and Materials Design17-Apr9:00ORALMIME 455001Advanced Process Engineering22-Apr14:00MIME 456001Steelmaking & Steel Processing20-Apr14:00MIME 473001Intro to Comp Matls Design22-Apr9:00ORALMIME 526001Mineral Economics21-Apr14:00MIME 569001Electron Beam Analysis of Mtls21-Apr9:00DEPTMIME 569002Electron Beam Analysis of Mtls21-Apr9:00DEPT


MIME 576001Adv Steelmaking & Processing20-Apr14:00MIMM 214001Intro Immun: Elem of Immunity28-Apr9:00MIMM 314001Intermediate Immunology30-Apr18:30MIMM 413001Parasitology24-Apr14:00MIMM 466001Viral Pathogenesis17-Apr14:00MRKT 438002Brand Management23-Apr9:00DEPTMRKT 453001Advertising and Media27-Apr18:30MUAR 201001Basic Materials:Western Mus27-Apr14:00DEPTMUAR 201002Basic Materials:Western Mus27-Apr14:00DEPTMUAR 211001The Art of Listening30-Apr18:30DEPTMUAR 392001Popular Music after 194530-Apr18:30DEPTMUAR 393001Intro to Jazz27-Apr9:00DEPTMUAR 399001Music and Queer Identity23-Apr9:00DEPTMUHL 286001Critical Thinking About Music27-Apr9:00DEPTMUHL 377001Baroque Opera28-Apr14:00DEPTMUIT 202001Woodwind Techniques20-Apr9:00WRITTENMUIT 202001Woodwind Techniques20-Apr14:00PRACTICALMUIT 204001Percussion Techniques17-Apr9:00DEPTMUMT 250001Music Perception and Cognition17-Apr9:00DEPTMUSP 124001Jazz Ear Training 227-Apr9:00DEPTMUSP 124002Jazz Ear Training 227-Apr9:00DEPTMUTH 151001Theory and Analysis 229-Apr18:30DEPTNEUR 310001Cellular Neurobiology17-Apr9:00NEUR 550001Free Radical Biomedicine28-Apr18:30DEPTNSCI 201001Intro. to Neuroscience 229-Apr9:00NUR1 210001Pathophysiology for Nursing 229-Apr14:00NUR1 231001Supporting Hlth&Healing Capac222-Apr9:00All day labNUR1 231002Supporting Hlth&Healing Capac222-Apr9:00All day labNUR1 231003Supporting Hlth&Healing Capac222-Apr9:00All day labNUR1 231004Supporting Hlth&Healing Capac222-Apr9:00All day labNUR1 231005Supporting Hlth&Healing Capac222-Apr9:00All day labNUR1 236001Health & Physical Assess/Anat221-Apr14:00NUR1 236001Health & Physical Assess/Anat230-Apr9:00All day labNUR1 301001Pharmacology for Nursing 227-Apr14:00NUR1 311001Infection Prevention & Control24-Apr14:00


NUR1 324001Illness Management 230-Apr18:30NUR1 326002Acute,Chron&Pall Hlth Chall 221-Apr18:30NUR1 326003Acute,Chron&Pall Hlth Chall 221-Apr18:30NUR1 326004Acute,Chron&Pall Hlth Chall 221-Apr18:30NUR1 339001Appl Hlth&Phys Assessmt/Anat 217-Apr9:00NUR1 339001Appl Hlth&Phys Assessmt/Anat 228-Apr9:00All day labNUR2 501001Integrated Health Sciences 227-Apr9:00DEPTNUR2 518001Nursing Clinical Skills Lab 222-Apr9:00All day labNUR2 535001Health Assessment/Anatomy 217-Apr9:00NUR2 535001Health Assessment/Anatomy 230-Apr9:00All day labNUR2 634001Clin. Assess. & Therapeutics 230-Apr18:30NUTR 217001Application: Food Fundamentals30-Apr9:00MACNUTR 301001Psychology28-Apr14:00MACNUTR 337001Nutrition Through Life21-Apr14:00MACNUTR 343001Accounting and Cost Control23-Apr9:00MACNUTR 344001Clinical Nutrition 123-Apr9:00MACNUTR 551001Analysis of Nutrition Data28-Apr14:00MACNUTR 604001Integrated Metabolic Research24-Apr17:00MAC HOMEORGB 330001People Analytics24-Apr9:00PARA 410001Environment and Infection20-Apr16:00MAC HOMEPATH 300001Human Disease20-Apr9:00PHAR 201001Introduction to Pharmacology 230-Apr14:00DEPTPHAR 301001Drugs and Disease27-Apr9:00PHAR 303001Principles of Toxicology29-Apr9:00PHAR 563001Endocrine Pharmacology20-Apr18:30PHAR 565001Epigenetic Drugs and Targets20-Apr14:00DEPTPHGY 210001Mammalian Physiology 220-Apr18:30PHGY 210002Mammalian Physiology 220-Apr18:30PHGY 213001Introductory Physiology Lab 217-Apr9:00PHGY 312001Resp.,Renal,&Cardio Physiology24-Apr9:00PHGY 313001Blood,GI,Imm.Syst.Physiol30-Apr14:00PHGY 502001Exercise Physiology29-Apr18:30PHGY 516001Physiology of Blood21-Apr9:00DEPTPHIL 237001Contemporary Moral Issues17-Apr9:00HOMEPHIL 310001Intermediate Logic24-Apr18:30HOME


PHIL 345001Greek Political Theory22-Apr18:30DEPTPHIL 36100118th Century Philosophy17-Apr9:00HOMEPHIL 411001Topics in Phil of Logic & Math30-Apr18:30HOMEPHIL 415001Philosophy of Language24-Apr18:30HOMEPHYS 102001Intro Physics-Electromagnetism29-Apr18:30PHYS 142001Electromagnetism & Optics20-Apr18:30PHYS 181001Everyday Physics27-Apr14:00PHYS 183001The Milky Way Inside and Out28-Apr14:00PHYS 228001Energy and the Environment23-Apr14:00DEPTPHYS 232001Heat and Waves28-Apr9:00DEPTPHYS 241001Signal Processing27-Apr14:00PHYS 319001Introduction to Biophysics24-Apr14:00PHYS 329001Stat Physics w/ Biophys Appl22-Apr18:30DEPTPHYS 331001Topics in Classical Mechanics20-Apr14:00PHYS 333001Thermal & Statistical Physics21-Apr18:30DEPTPHYS 342001Majors Electromagnetic Waves17-Apr9:00PHYS 351001Honours Classical Mechanics 221-Apr18:30PHYS 362001Statistical Mechanics29-Apr14:00PHYS 447001Applications of Quantum Mech.30-Apr18:30PHYS 457001Honours Quantum Physics 230-Apr18:30PHYS 514001General Relativity17-Apr9:00HOMEPHYS 562001Electromagnetic Theory29-Apr18:30DEPTPHYS 567001Particle Physics24-Apr14:00DEPTPLNT 304001Biology of Fungi23-Apr9:00MACPLNT 310001Plant Propagation21-Apr14:00MACPLNT 322001Greenhouse Management28-Apr9:00MACPLNT 430001Pesticides in Agriculture24-Apr9:00MACPLNT 435001Plant Breeding22-Apr14:00MACPOLI 222001Political Proc&Behav in Canada23-Apr9:00POLI 227001Developing Areas/Introduction27-Apr9:00POLI 231001Intro to Political Theory29-Apr14:00POLI 243001Intl Poltcs of Econ Relations28-Apr14:00POLI 321001Issues:Canadian Public Policy21-Apr9:00POLI 324001Developing Areas/Africa17-Apr14:00HOMEPOLI 331001Politics in E Central Europe22-Apr9:00


POLI 341001Foreign Policy:The Middle East27-Apr14:00POLI 350001Global Environmental Politics27-Apr18:30POLI 352001Intl Pol/Foreign Pol:Africa20-Apr18:30POLI 354001Approaches to Intl Pol Econ28-Apr14:00POLI 359001Topics in Intl Politics 122-Apr18:30POLI 359002Topics in Intl Politics 122-Apr18:30POLI 362001Political Theory and IR21-Apr18:30POLI 365001Democratic Theory30-Apr18:30POLI 420001Memory, Place, and Power30-Apr9:00POLI 427001Sel Topics:Canadian Politics27-Apr9:00POLI 450001Peacebuilding21-Apr14:00PSYC 204001Intro to Psychological Stats23-Apr9:00PSYC 212001Perception27-Apr18:30PSYC 213001Cognition20-Apr14:00PSYC 215001Social Psychology28-Apr18:30PSYC 302001The Psychology of Pain28-Apr14:00PSYC 305001Statistics for Exper Design23-Apr9:00PSYC 315001Computational Psychology17-Apr9:00PSYC 318001Behavioural Neuroscience 222-Apr9:00PSYC 333001Personality & Social Psych29-Apr18:30PSYC 341001The Psychology of Bilingualism22-Apr14:00DEPTPSYC 403001Modern Psych in Hist Persp21-Apr9:00PSYC 408001Princip & Apps of Psychother28-Apr9:00PSYC 412001Developmental Psychopathology21-Apr18:30PSYC 427001Sensorimotor Neuroscience29-Apr18:30PSYC 433001Cognitive Science20-Apr9:00PSYC 444001Sleep Mechanisms and Behaviour21-Apr14:00PSYC 471001Human Motivation29-Apr9:00PSYC 473001Social Cognition and the Self27-Apr9:00PSYC 529001Music Cognition28-Apr18:30PSYC 541001Multilevel Modelling23-Apr9:00DEPTPSYC 746001Quantitative&Indiv Difference23-Apr9:00DEPTPSYT 500001Adv: Neur of Mtl Disorders30-Apr18:30REDM 400001Science and Museums27-Apr9:00DEPTRELG 203001Bible and Western Culture28-Apr14:00


RELG 204001Judaism, Christianity&Islam27-Apr9:00HOMERELG 254001Intro to Yoga Traditions29-Apr9:00RELG 257D2001Introductory Sanskrit29-Apr14:00HOMERELG 257D2761Introductory Sanskrit29-Apr14:00HOMERELG 270001Religious Ethics & the Environ30-Apr18:30RELG 312001The Gospels24-Apr14:00DEPTRELG 326001Christians in the Roman World28-Apr18:30DEPTRELG 333001Princip of Christian Theol 123-Apr9:00DEPTRELG 372001Hindu Goddesses30-Apr14:00RELG 411001New Testament Exegesis30-Apr18:30HOMERELG 482001Exegesis of Greek New Testamnt30-Apr18:30HOMERELG 571001Ethics, Medicine and Religion20-Apr9:00ORALRUSS 224001Russian 19c. Literary Giants 222-Apr18:30RUSS 390001Special Topics in Russian24-Apr14:00HOMERUSS 428001Russian Avantgarde21-Apr14:00HOMESEAD 515001Climate Change Adapt&Eng Infra28-Apr18:30DEPTSEAD 520001Life Cycle-Based Env Footprint23-Apr9:00DEPTSOCI 210001Sociological Perspectives27-Apr9:00SOCI 211001Sociological Inquiry30-Apr14:00SOCI 227001Jews in North America30-Apr14:00SOCI 230001Sociology of Ethnic Relations24-Apr9:00SOCI 254001Development&Underdevelopment23-Apr18:30SOCI 305001Socialization29-Apr14:00SOCI 307001Globalization30-Apr18:30SOCI 321001Gender and Work30-Apr9:00SOCI 326001Political Sociology 0124-Apr14:00SOCI 331001Population and Environment28-Apr9:00SOCI 333001Social Stratification17-Apr9:00DEPTSOCI 420001Organizations22-Apr9:00SWRK 223001Poverty and Inequality30-Apr14:00WILD 350001Mammalogy30-Apr9:00MACWILD 350001Mammalogy22-Apr14:00MAC LABWOOD 441001Integrated Forest Management17-Apr14:00MAC

